<?xml version="1.0"?>
<!DOCTYPE hibernate-mapping PUBLIC "-//Hibernate/Hibernate Mapping DTD 3.0//EN"
"http://hibernate.sourceforge.net/hibernate-mapping-3.0.dtd">
<!-- 
    Mapping file autogenerated by MyEclipse - Hibernate Tools
-->
<hibernate-mapping>
    <class name="rain.db.Student" table="student" catalog="student">
        <id name="studentId" type="java.lang.Integer">
            <column name="STUDENT_ID" />
            <generator class="native" />
        </id>
        <property name="studentName" type="java.lang.String">
            <column name="STUDENT_NAME" />
        </property>
        <property name="studentClass" type="java.lang.String">
            <column name="STUDENT_CLASS" />
        </property>
    </class>
</hibernate-mapping>
