<?xml version='1.0' encoding='UTF-8'?>
<!DOCTYPE hibernate-configuration PUBLIC
          "-//Hibernate/Hibernate Configuration DTD 3.0//EN"
          "http://hibernate.sourceforge.net/hibernate-configuration-3.0.dtd">

<!-- Generated by MyEclipse Hibernate Tools.                   -->
<hibernate-configuration>

	<session-factory>
		<property name="connection.username">root</property>
		<property name="connection.url">
			jdbc:mysql://localhost:3306/student
		</property>
		<property name="dialect">
			org.hibernate.dialect.MySQLDialect
		</property>
		<property name="myeclipse.connection.profile">my</property>
		<property name="connection.password">root</property>
		<property name="connection.driver_class">
			com.mysql.jdbc.Driver
		</property>
		<property name="show_sql">true</property>
		<mapping resource="rain/db/Cssrain.hbm.xml" />
		<mapping resource="rain/db/Student.hbm.xml" />
		<mapping resource="rain/db/Test.hbm.xml" />

	</session-factory>

</hibernate-configuration>