<?xml version="1.0" encoding="UTF-8"?>
<beans xmlns="http://www.springframework.org/schema/beans"
	xmlns:context="http://www.springframework.org/schema/context"
	xmlns:mvc="http://www.springframework.org/schema/mvc"
	xmlns:xsi="http://www.w3.org/2001/XMLSchema-instance"
	xsi:schemaLocation="http://www.springframework.org/schema/beans
		http://www.springframework.org/schema/beans/spring-beans-4.1.xsd
		http://www.springframework.org/schema/context
		http://www.springframework.org/schema/context/spring-context-4.1.xsd
		http://www.springframework.org/schema/mvc
		http://www.springframework.org/schema/mvc/spring-mvc-4.1.xsd">

	<!-- 配置与spring mvc相关的组件 -->
	<!-- 开启组件自动扫描: 只扫描@Controller -->
	<context:component-scan base-package="com.kzw">
		<context:include-filter type="annotation" expression="org.springframework.stereotype.Controller"/>
	</context:component-scan>
	
	<mvc:annotation-driven />
	
	<!-- 配置视图解析器：将视图名称 ==> 真实页面 -->
	<mvc:view-resolvers>
		<mvc:jsp prefix="/pages/" suffix=".jsp"/>
	</mvc:view-resolvers>
	
	<!-- 配置静态资源访问 -->
	<!--  请求映射：/img/aa/b.jpg ==> /static/img/aa/b.jpg
				 /imgs/a.jpg ==> /static/img/a.jpg
				 
	<mvc:resources location="/static/" mapping="/**"/>
	-->
	<mvc:resources location="/static/img/" mapping="/img/**"/>
	<mvc:resources location="/static/img/" mapping="/imgs/**"/>
	<mvc:resources location="/static/css/" mapping="/css/**"/>
	
	<!-- 服务器上的本地目录: file:///path 或者 file:path -->
	<mvc:resources location="file:///C:/var/" mapping="/upload/**"/>
	
	<!-- 重定向 -->
	<mvc:redirect-view-controller redirect-url="/user/t1" path="/"/>	
	
</beans>